Aach
Aachen
Aachen
Aalen
Aalen
Abenberg
Abensberg
Achern
Achim
Adelsheim
Adenau
Adorf
Ahaus
Ahlen
Ahrensburg
Aichach
Aichach
Aichtal
Aken
Albstadt
Alfeld
Allendorf
Allstedt
Alpirsbach
Alsdorf
Alsfeld
Alsleben
Altchemnitz
Altdorf bei Nürnberg
Altena
Altenberg
Altenburg
Altenburg
Altenkirchen
Altenkirchen
Altensteig
Altentreptow
Altlandsberg
Altötting
Altötting
Alzenau
Alzey
Alzey
Am Ettersberg
Amberg
Amberg
Amorbach
Amöneburg
An der Schmücke
Andernach
Angermünde
Anklam
Annaberg-Buchholz
Annaberg-Buchholz
Annaburg
Annweiler am Trifels
Ansbach
Ansbach
Apolda
Apolda
Arendsee
Arneburg
Arnis
Arnsberg
Arnstadt
Arnstadt
Arnstein
Arnstein
Artern
Arzberg
Aschaffenburg
Aschaffenburg
Aschersleben
Asperg
Attendorn
Aub
Aue-Bad Schlema
Auerbach
Auerbach in der Oberpfalz
Augsburg
Augsburg
Augustusburg
Aulendorf
Auma-Weidatal
Aurich
Aurich
Aßlar
Babenhausen
Bacharach
Backnang
Bad Aibling
Bad Arolsen
Bad Belzig
Bad Bentheim
Bad Bergzabern
Bad Berka
Bad Berleburg
Bad Berneck im Fichtelgebirge
Bad Bevensen
Bad Bibra
Bad Blankenburg
Bad Bramstedt
Bad Breisig
Bad Brückenau
Bad Buchau
Bad Camberg
Bad Doberan
Bad Driburg
Bad Düben
Bad Dürkheim
Bad Dürkheim
Bad Dürrenberg
Bad Dürrheim
Bad Elster
Bad Ems
Bad Ems
Bad Fallingbostel
Bad Fallingbostel
Bad Frankenhausen/Kyffhäuser
Bad Freienwalde
Bad Friedrichshall
Bad Gandersheim
Bad Gottleuba-Berggießhübel
Bad Griesbach im Rottal
Bad Harzburg
Bad Herrenalb
Bad Hersfeld
Bad Hersfeld
Bad Homburg
Bad Homburg vor der Höhe
Bad Honnef
Bad Hönningen
Bad Iburg
Bad Karlshafen
Bad Kissingen
Bad Kissingen
Bad Kreuznach
Bad Kreuznach
Bad Krozingen
Bad König
Bad Königshofen im Grabfeld
Bad Köstritz
Bad Kötzting
Bad Laasphe
Bad Langensalza
Bad Lauchstädt
Bad Lausick
Bad Lauterberg im Harz
Bad Liebenstein
Bad Liebenwerda
Bad Liebenzell
Bad Lippspringe
Bad Lobenstein
Bad Marienberg
Bad Mergentheim
Bad Muskau
Bad Münder am Deister
Bad Münstereifel
Bad Nauheim
Bad Nenndorf
Bad Neuenahr-Ahrweiler
Bad Neuenahr-Ahrweiler
Bad Neustadt
Bad Neustadt an der Saale
Bad Oeynhausen
Bad Oldesloe
Bad Oldesloe
Bad Orb
Bad Pyrmont
Bad Rappenau
Bad Reichenhall
Bad Reichenhall
Bad Rodach
Bad Sachsa
Bad Salzdetfurth
Bad Salzuflen
Bad Salzungen
Bad Salzungen
Bad Saulgau
Bad Schandau
Bad Schmiedeberg
Bad Schussenried
Bad Schwalbach
Bad Schwalbach
Bad Schwartau
Bad Segeberg
Bad Segeberg
Bad Sobernheim
Bad Soden am Taunus
Bad Soden-Salmünster
Bad Sooden-Allendorf
Bad Staffelstein
Bad Sulza
Bad Säckingen
Bad Sülze
Bad Teinach-Zavelstein
Bad Tennstedt
Bad Tölz
Bad Tölz
Bad Urach
Bad Vilbel
Bad Waldsee
Bad Wildbad
Bad Wildungen
Bad Wilsnack
Bad Wimpfen
Bad Windsheim
Bad Wurzach
Bad Wörishofen
Bad Wünnenberg
Baden-Baden
Baden-Baden
Baesweiler
Baiersdorf
Balingen
Balingen
Ballenstedt
Balve
Bamberg
Bamberg
Barby
Bargteheide
Barmstedt
Barntrup
Barsinghausen
Barth
Baruth/Mark
Bassum
Battenberg
Baumholder
Baunach
Baunatal
Bautzen
Bautzen
Bayreuth
Bayreuth
Bebra
Beckum
Bedburg
Beelitz
Beeskow
Beeskow
Beilngries
Beilstein
Belgern-Schildau
Bendorf
Bensheim
Berching
Berga/Elster
Bergen
Bergen auf Rügen
Bergheim
Bergheim
Bergisch Gladbach
Bergisch Gladbach
Bergkamen
Bergneustadt
Berlin
Berlin
Bernau bei Berlin
Bernburg
Bernburg
Bernkastel-Kues
Bernsdorf
Bernstadt a. d. Eigen
Bersenbrück
Besigheim
Betzdorf
Betzenstein
Beverungen
Bexbach
Biberach
Biberach an der Riß
Biedenkopf
Bielefeld
Bielefeld
Biesenthal
Bietigheim-Bissingen
Billerbeck
Bingen am Rhein
Birkenfeld
Birkenfeld
Bischofsheim an der Rhön
Bischofswerda
Bismark
Bitburg
Bitburg
Bitterfeld-Wolfen
Blankenburg
Blankenhain
Blaubeuren
Blaustein
Bleckede
Bleicherode
Blieskastel
Blomberg
Blumberg
Bobingen
Bocholt
Bochum
Bochum
Bockenem
Bodenwerder
Bogen
Boizenburg/ Elbe
Bonn
Bonn
Bonndorf im Schwarzwald
Bopfingen
Boppard
Borgentreich
Borgholzhausen
Borken
Borken
Borken
Borkum
Borna
Bornheim
Bottrop
Bottrop
Boxberg
Brackenheim
Brake
Brake
Brakel
Bramsche
Brand-Erbisdorf
Brandenburg
Brandenburg an der Havel
Brandis
Braubach
Braunfels
Braunlage
Braunsbedra
Braunschweig
Braunschweig
Breckerfeld
Bredstedt
Breisach
Bremen
Bremen
Bremerhaven
Bremerhaven
Bremervörde
Bretten
Breuberg
Brilon
Brotterode-Trusetal
Bruchköbel
Bruchsal
Brunsbüttel
Bräunlingen
Brück
Brüel
Brühl
Brüssow
Buchen
Buchholz in der Nordheide
Buchloe
Buckow
Burg
Burg
Burg Stargard
Burgau
Burgbernheim
Burgdorf
Burghausen
Burgkunstadt
Burglengenfeld
Burgstädt
Burgwedel
Burladingen
Burscheid
Buttstädt
Butzbach
Buxtehude
Bärnau
Böblingen
Böblingen
Böhlen
Bönnigheim
Bückeburg
Büdelsdorf
Büdingen
Bühl
Bünde
Büren
Bürgel
Bürstadt
Bützow
Calau
Calbe
Calw
Calw
Castrop-Rauxel
Celle
Celle
Cham
Cham
Chemnitz
Chemnitz
Clausthal-Zellerfeld
Clingen
Cloppenburg
Cloppenburg
Coburg
Coburg
Coburg
Cochem
Cochem
Coesfeld
Coesfeld
Colditz
Cologne
Cologne
Coswig
Coswig
Cottbus
Cottbus
Crailsheim
Creglingen
Creuzburg
Creußen
Crimmitschau
Crivitz
Cuxhaven
Cuxhaven
Daaden
Dachau
Dachau
Dahlen
Dahme/Mark
Dahn
Damme
Dannenberg
Dargun
Darmstadt
Darmstadt
Dassel
Dassow
Datteln
Daun
Daun
Deggendorf
Deggendorf
Deidesheim
Delbrück
Delitzsch
Delmenhorst
Delmenhorst
Demmin
Dessau-Roßlau
Dessau-Roßlau
Detmold
Detmold
Dettelbach
Dieburg
Diemelstadt
Diepholz
Diepholz
Dierdorf
Dietenheim
Dietfurt an der Altmühl
Dietzenbach
Diez
Dillenburg
Dillingen
Dillingen an der Donau
Dillingen/Saar
Dingelstädt
Dingolfing
Dingolfing
Dinkelsbühl
Dinklage
Dinslaken
Dippoldiswalde
Dissen am Teutoburger Wald
Ditzingen
Doberlug-Kirchhain
Dohna
Dommitzsch
Donaueschingen
Donauwörth
Donauwörth
Donzdorf
Dorfen
Dormagen
Dornburg-Camburg
Dornhan
Dornstetten
Dorsten
Dortmund
Dortmund
Dransfeld
Drebkau
Dreieich
Drensteinfurt
Dresden
Dresden
Drolshagen
Duderstadt
Duisburg
Duisburg
Döbeln
Döbern
Dömitz
Dülmen
Düren
Düren
Düsseldorf
Düsseldorf
Ebeleben
Eberbach
Ebermannstadt
Ebern
Ebersbach an der Fils
Ebersbach-Neugersdorf
Ebersberg
Ebersberg
Eberswalde
Eberswalde
Eckartsberga
Eckernförde
Edenkoben
Egeln
Eggenfelden
Eggesin
Ehingen
Ehrenfriedersdorf
Eibelstadt
Eibenstock
Eichstätt
Eichstätt
Eilenburg
Einbeck
Eisenach
Eisenach
Eisenberg
Eisenberg
Eisenberg
Eisenhüttenstadt
Eisfeld
Eisleben
Eislingen/Fils
Ellingen
Ellrich
Ellwangen
Elmshorn
Elsdorf
Elsfleth
Elsterberg
Elsterwerda
Elstra
Elterlein
Eltmann
Eltville am Rhein
Elzach
Elze
Emden
Emden
Emmelshausen
Emmendingen
Emmendingen
Emmerich am Rhein
Emsdetten
Endingen
Engen
Enger
Ennepetal
Ennigerloh
Eppelheim
Eppingen
Eppstein
Erbach
Erbach
Erbach
Erbendorf
Erding
Erding
Erftstadt
Erfurt
Erfurt
Erkelenz
Erkner
Erkrath
Erlangen
Erlangen
Erlenbach am Main
Erlensee
Erwitte
Eschborn
Eschenbach in der Oberpfalz
Eschershausen
Eschwege
Eschwege
Eschweiler
Esens
Espelkamp
Essen
Essen
Esslingen
Esslingen am Neckar
Ettenheim
Ettlingen
Euskirchen
Euskirchen
Eutin
Eutin
Falkenberg/Elster
Falkensee
Falkenstein/Harz
Falkenstein/Vogtl.
Fehmarn
Fellbach
Felsberg
Feuchtwangen
Filderstadt
Finsterwalde
Fladungen
Flensburg
Flensburg
Florstadt
Flöha
Flörsheim am Main
Forchheim
Forchheim
Forchtenberg
Forst
Forst
Frankenau
Frankenberg
Frankenberg/Sa.
Frankenthal
Frankenthal
Frankfurt
Frankfurt
Frankfurt
Frankfurt am Main
Franzburg
Frauenstein
Frechen
Freiberg
Freiberg
Freiberg am Neckar
Freiburg
Freiburg im Breisgau
Freilassing
Freinsheim
Freising
Freising
Freital
Freren
Freudenberg
Freudenberg
Freudenstadt
Freudenstadt
Freyburg
Freystadt
Freyung
Freyung
Fridingen an der Donau
Friedberg
Friedberg
Friedberg
Friedland
Friedland
Friedrichroda
Friedrichsdorf
Friedrichshafen
Friedrichstadt
Friedrichsthal
Friesack
Friesoythe
Fritzlar
Frohburg
Fröndenberg
Fulda
Fulda
Furth im Wald
Furtwangen im Schwarzwald
Fürstenau
Fürstenberg/Havel
Fürstenfeldbruck
Fürstenfeldbruck
Fürstenwalde
Fürth
Fürth
Füssen
Gadebusch
Gaggenau
Gaildorf
Gammertingen
Garbsen
Garching bei München
Gardelegen
Garding
Garmisch-Partenkirchen
Gartz
Garz/Rügen
Gau-Algesheim
Gebesee
Gedern
Geesthacht
Geestland
Gefell
Gefrees
Gehrden
Geilenkirchen
Geisa
Geiselhöring
Geisenfeld
Geisenheim
Geisingen
Geislingen
Geislingen an der Steige
Geithain
Geldern
Gelnhausen
Gelsenkirchen
Gelsenkirchen
Gemünden
Gemünden am Main
Gengenbach
Genthin
Georgsmarienhütte
Gera
Gera
Gerabronn
Gerbstedt
Geretsried
Geringswalde
Gerlingen
Germering
Germersheim
Germersheim
Gernsbach
Gernsheim
Gerolstein
Gerolzhofen
Gersfeld
Gersthofen
Gescher
Geseke
Gevelsberg
Geyer
Giengen an der Brenz
Gießen
Gießen
Gifhorn
Gifhorn
Ginsheim-Gustavsburg
Gladbeck
Gladenbach
Glashütte
Glauchau
Glinde
Glücksburg
Glückstadt
Gnoien
Goch
Goldberg
Goldkronach
Golßen
Gommern
Goslar
Goslar
Gotha
Gotha
Grabow
Grafenau
Grafenwöhr
Grafing bei München
Gransee
Grebenau
Grebenstein
Greding
Greifswald
Greifswald
Greiz
Greiz
Greußen
Greven
Grevenbroich
Grevesmühlen
Griesheim
Grimma
Grimmen
Groitzsch
Gronau
Gronau
Groß-Bieberau
Groß-Gerau
Groß-Gerau
Groß-Umstadt
Großalmerode
Großbottwar
Großbreitenbach
Großenehrich
Großenhain
Großräschen
Großröhrsdorf
Großschirma
Gräfenberg
Gräfenhainichen
Gräfenthal
Gröditz
Gröningen
Grünberg
Grünhain-Beierfeld
Grünsfeld
Grünstadt
Guben
Gudensberg
Gummersbach
Gummersbach
Gundelfingen an der Donau
Gundelsheim
Gunzenhausen
Göppingen
Göppingen
Görlitz
Görlitz
Göttingen
Göttingen
Gößnitz
Güglingen
Günzburg
Günzburg
Güsten
Güstrow
Güstrow
Gütersloh
Gütersloh
Gützkow
Haan
Hachenburg
Hadamar
Hagen
Hagen
Hagenbach
Hagenow
Haiger
Haigerloch
Hainichen
Haiterbach
Halberstadt
Halberstadt
Haldensleben
Haldensleben
Halle
Halle
Halle
Hallenberg
Hallstadt
Haltern am See
Halver
Hamburg
Hamburg
Hameln
Hameln
Hamm
Hamm
Hammelburg
Hamminkeln
Hanau
Hanau
Hann. Münden
Hannover
Hanover
Harburg
Hardegsen
Haren
Harsewinkel
Hartenstein
Hartha
Harzgerode
Haselünne
Haslach im Kinzigtal
Hattersheim am Main
Hattingen
Hatzfeld
Hausach
Hauzenberg
Havelberg
Havelsee
Hayingen
Haßfurt
Haßfurt
Hechingen
Hecklingen
Heide
Heide
Heideck
Heidelberg
Heidelberg
Heidenau
Heidenheim
Heidenheim an der Brenz
Heilbad Heiligenstadt
Heilbad Heiligenstadt
Heilbronn
Heilbronn
Heiligenhafen
Heiligenhaus
Heilsbronn
Heimbach
Heimsheim
Heinsberg
Heinsberg
Heitersheim
Heldburg
Helmbrechts
Helmstedt
Helmstedt
Hemau
Hemer
Hemmingen
Hemmoor
Hemsbach
Hennef
Hennigsdorf
Heppenheim
Heppenheim
Herbolzheim
Herborn
Herbrechtingen
Herbstein
Herdecke
Herdorf
Herford
Herford
Heringen
Heringen/Helme
Hermeskeil
Hermsdorf
Herne
Herne
Herrenberg
Herrieden
Herrnhut
Hersbruck
Herten
Herzberg
Herzberg
Herzberg am Harz
Herzogenaurach
Herzogenrath
Hessisch Lichtenau
Hessisch Oldendorf
Hettingen
Hettstedt
Heubach
Heusenstamm
Hilchenbach
Hildburghausen
Hildburghausen
Hilden
Hildesheim
Hildesheim
Hillesheim
Hilpoltstein
Hirschau
Hirschberg
Hirschhorn
Hitzacker
Hochheim am Main
Hockenheim
Hof
Hof
Hofeck
Hofgeismar
Hofheim
Hofheim
Hofheim am Taunus
Hohen Neuendorf
Hohenberg an der Eger
Hohenleuben
Hohenmölsen
Hohenstein-Ernstthal
Hohnstein
Hollfeld
Holzgerlingen
Holzminden
Holzminden
Homberg
Homberg
Homberg
Homburg
Homburg
Horb am Neckar
Horn-Bad Meinberg
Hornbach
Hornberg
Horstmar
Hoya
Hoyerswerda
Hungen
Husum
Husum
Höchstadt an der Aisch
Höchstädt an der Donau
Höhr-Grenzhausen
Hörstel
Höxter
Höxter
Hückelhoven
Hückeswagen
Hüfingen
Hünfeld
Hürth
Ibbenbüren
Ichenhausen
Idar-Oberstein
Idstein
Illertissen
Ilmenau
Ilsenburg
Ilshofen
Immenhausen
Immenstadt im Allgäu
Ingelfingen
Ingelheim
Ingelheim am Rhein
Ingolstadt
Ingolstadt
Iphofen
Iserlohn
Isny im Allgäu
Isselburg
Itzehoe
Itzehoe
Jarmen
Jena
Jena
Jerichow
Jessen
Jever
Jever
Joachimsthal
Johanngeorgenstadt
Jöhstadt
Jüchen
Jülich
Jüterbog
Kaarst
Kahla
Kaisersesch
Kaiserslautern
Kaiserslautern
Kalbe
Kalkar
Kaltenkirchen
Kaltennordheim
Kamen
Kamenz
Kamp-Lintfort
Kandel
Kandern
Kappeln
Karben
Karlsruhe
Karlsruhe
Karlstadt
Karlstadt
Kassel
Kassel
Kastellaun
Katzenelnbogen
Kaub
Kaufbeuren
Kaufbeuren
Kehl
Kelbra
Kelheim
Kelheim
Kelkheim
Kellinghusen
Kelsterbach
Kemberg
Kemnath
Kempen
Kempten
Kempten im Allgäu
Kenzingen
Kerpen
Ketzin/Havel
Kevelaer
Kiel
Kiel
Kierspe
Kindelbrück
Kirchberg
Kirchberg
Kirchberg an der Jagst
Kirchen
Kirchenlamitz
Kirchhain
Kirchheim unter Teck
Kirchheimbolanden
Kirchheimbolanden
Kirn
Kirtorf
Kitzingen
Kitzingen
Kitzscher
Kleve
Kleve
Klingenberg am Main
Klingenthal/Sa.
Klötze
Klütz
Knittlingen
Koblenz
Koblenz
Kolbermoor
Konstanz
Konz
Korbach
Korbach
Korntal-Münchingen
Kornwestheim
Korschenbroich
Kraichtal
Krakow am See
Kranichfeld
Krautheim
Krefeld
Krefeld
Kremmen
Krempe
Kreuztal
Kronach
Kronach
Kronberg im Taunus
Kroppenstedt
Krumbach
Kröpelin
Kulmbach
Kulmbach
Kupferberg
Kuppenheim
Kusel
Kusel
Kyllburg
Kyritz
Kölleda
Königs Wusterhausen
Königsberg in Bayern
Königsbrunn
Königsbrück
Königsee
Königslutter
Königstein
Königstein im Taunus
Königswinter
Könnern
Köthen
Köthen
Kühlungsborn
Külsheim
Künzelsau
Künzelsau
Laage
Laatzen
Ladenburg
Lage
Lahnstein
Lahr/Schwarzwald
Laichingen
Lambrecht
Lampertheim
Landau
Landau an der Isar
Landau in der Pfalz
Landsberg
Landsberg
Landsberg am Lech
Landshut
Landshut
Landstuhl
Langelsheim
Langen
Langenau
Langenburg
Langenfeld
Langenhagen
Langenselbold
Langenzenn
Lassan
Laubach
Laucha an der Unstrut
Lauchhammer
Lauchheim
Lauda-Königshofen
Lauenburg
Lauf
Lauf an der Pegnitz
Laufen
Laufenburg
Lauffen am Neckar
Lauingen
Laupheim
Lauscha
Lauta
Lauter-Bernsbach
Lauterbach
Lauterbach
Lauterecken
Lauterstein
Lebach
Lebus
Leer
Leer
Lehesten
Lehrte
Leichlingen
Leimen
Leinefelde-Worbis
Leinfelden-Echterdingen
Leipheim
Leipzig
Leipzig
Leisnig
Lemgo
Lengenfeld
Lengerich
Lennestadt
Lenzen
Leonberg
Leun
Leuna
Leutenberg
Leutershausen
Leutkirch im Allgäu
Leverkusen
Leverkusen
Lich
Lichtenau
Lichtenau
Lichtenberg
Lichtenfels
Lichtenfels
Lichtenfels
Lichtenstein/Sa.
Liebenau
Liebenwalde
Lieberose
Liebstadt
Limbach-Oberfrohna
Limburg
Limburg an der Lahn
Lindau
Linden
Lindenberg im Allgäu
Lindenfels
Lindow
Lingen
Linnich
Linz am Rhein
Lippstadt
Lohmar
Lohne
Lohr am Main
Loitz
Lollar
Lommatzsch
Lorch
Lorch
Lorsch
Lucka
Luckau
Luckenwalde
Luckenwalde
Ludwigsburg
Ludwigsburg
Ludwigsfelde
Ludwigshafen
Ludwigshafen am Rhein
Ludwigslust
Ludwigsstadt
Lugau/Erzgeb.
Lunzenau
Lychen
Löbau
Löffingen
Löhne
Löningen
Lörrach
Lörrach
Löwenstein
Lößnitz
Lübbecke
Lübben
Lübben
Lübbenau
Lübeck
Lübeck
Lübtheen
Lübz
Lüchow
Lüchow
Lüdenscheid
Lüdenscheid
Lüdinghausen
Lügde
Lüneburg
Lüneburg
Lünen
Lütjenburg
Lützen
Magdala
Magdeburg
Magdeburg
Mahlberg
Mainbernheim
Mainburg
Maintal
Mainz
Mainz
Malchin
Malchow
Manderscheid
Mannheim
Mannheim
Mansfeld
Marbach am Neckar
Marburg
Marburg
Marienberg
Marienberg
Marienmünster
Markdorf
Markgröningen
Markkleeberg
Markneukirchen
Markranstädt
Marktbreit
Marktheidenfeld
Marktleuthen
Marktoberdorf
Marktoberdorf
Marktredwitz
Marktsteft
Marl
Marlow
Marne
Marsberg
Maulbronn
Maxhütte-Haidhof
Mayen
Mechernich
Meckenheim
Medebach
Meerane
Meerbusch
Meersburg
Meinerzhagen
Meiningen
Meiningen
Meisenheim
Meißen
Meißen
Meldorf
Melle
Mellrichstadt
Melsungen
Memmingen
Memmingen
Menden
Mendig
Mengen
Meppen
Meppen
Merkendorf
Merseburg
Merseburg
Merzig
Merzig
Meschede
Meschede
Mettmann
Mettmann
Metzingen
Meuselwitz
Meyenburg
Meßkirch
Meßstetten
Michelstadt
Miesbach
Miesbach
Miltenberg
Miltenberg
Mindelheim
Mindelheim
Minden
Minden
Mirow
Mittenwalde
Mitterteich
Mittweida
Moers
Monheim
Monheim am Rhein
Monschau
Montabaur
Montabaur
Moosburg
Moringen
Mosbach
Mosbach
Munderkingen
Munich
Munich
Munster
Murrhardt
Märkisch Buchholz
Möckern
Möckmühl
Mölln
Mönchengladbach
Mönchengladbach
Mörfelden-Walldorf
Mössingen
Mücheln
Mügeln
Mühlacker
Mühlberg
Mühldorf
Mühldorf
Mühlhausen
Mühlhausen
Mühlheim am Main
Mühlheim an der Donau
Mülheim
Mülheim an der Ruhr
Mülheim-Kärlich
Müllheim
Müllrose
Münchberg
Müncheberg
Münchenbernsdorf
Münnerstadt
Münsingen
Münster
Münster
Münstermaifeld
Münzenberg
Nabburg
Nagold
Naila
Nassau
Nastätten
Nauen
Naumburg
Naumburg
Naumburg
Naunhof
Nebra
Neckarbischofsheim
Neckargemünd
Neckarsteinach
Neckarsulm
Neresheim
Netphen
Nettetal
Netzschkau
Neu-Anspach
Neu-Isenburg
Neu-Ulm
Neu-Ulm
Neubrandenburg
Neubrandenburg
Neubukow
Neubulach
Neuburg
Neuburg an der Donau
Neudenau
Neuenburg am Rhein
Neuenbürg
Neuenhaus
Neuenrade
Neuenstadt am Kocher
Neuenstein
Neuerburg
Neuffen
Neuhaus am Rennweg
Neukalen
Neukirchen
Neukirchen-Vluyn
Neukloster
Neumark
Neumarkt
Neumarkt in der Oberpfalz
Neumarkt-Sankt Veit
Neumünster
Neumünster
Neunburg vorm Wald
Neunkirchen
Neunkirchen
Neuruppin
Neuruppin
Neusalza-Spremberg
Neuss
Neuss
Neustadt
Neustadt
Neustadt
Neustadt
Neustadt
Neustadt
Neustadt am Kulm
Neustadt am Rübenberge
Neustadt an der Aisch
Neustadt an der Donau
Neustadt an der Orla
Neustadt an der Waldnaab
Neustadt an der Weinstraße
Neustadt bei Coburg
Neustadt in Holstein
Neustadt in Sachsen
Neustadt-Glewe
Neustrelitz
Neusäß
Neutraubling
Neuwied
Neuwied
Neuötting
Nidda
Niddatal
Nidderau
Nideggen
Niebüll
Niedenstein
Nieder-Olm
Niederkassel
Niedernhall
Niederstetten
Niederstotzingen
Nieheim
Niemegk
Nienburg
Nienburg
Nienburg
Nierstein
Niesky
Nittenau
Norden
Nordenham
Norderney
Norderstedt
Nordhausen
Nordhausen
Nordhorn
Nordhorn
Northeim
Northeim
Nortorf
Nossen
Nuremberg
Nuremberg
Nördlingen
Nürtingen
Ober-Ramstadt
Oberasbach
Oberharz am Brocken
Oberhausen
Oberhausen
Oberhof
Oberkirch
Oberkochen
Oberlungwitz
Obermoschel
Obernburg am Main
Oberndorf am Neckar
Obernkirchen
Oberriexingen
Obertshausen
Oberursel
Oberviechtach
Oberwesel
Oberwiesenthal, Kurort
Oberzent
Ochsenfurt
Ochsenhausen
Ochtrup
Oderberg
Oebisfelde-Weferlingen
Oederan
Oelde
Oelsnitz
Oelsnitz/Erzgeb.
Oer-Erkenschwick
Oerlinghausen
Oestrich-Winkel
Oettingen in Bayern
Offenbach
Offenbach am Main
Offenburg
Offenburg
Ohrdruf
Olbernhau
Olching
Oldenburg
Oldenburg
Oldenburg in Holstein
Olfen
Olpe
Olpe
Olsberg
Oppenau
Oppenheim
Oranienbaum-Wörlitz
Oranienburg
Oranienburg
Orlamünde
Ornbau
Ortenberg
Ortrand
Oschatz
Oschersleben
Osnabrück
Osnabrück
Osterburg
Osterburken
Osterfeld
Osterhofen
Osterholz-Scharmbeck
Osterholz-Scharmbeck
Osterode
Osterode am Harz
Osterwieck
Ostfildern
Ostheim vor der Rhön
Osthofen
Ostritz
Otterberg
Otterndorf
Ottweiler
Overath
Owen
Paderborn
Paderborn
Papenburg
Pappenheim
Parchim
Parchim
Parsberg
Pasewalk
Passau
Passau
Pattensen
Pausa-Mühltroff
Pegau
Pegnitz
Peine
Peine
Peitz
Penig
Penkun
Penzberg
Penzlin
Perleberg
Perleberg
Petershagen
Pfaffenhofen
Pfaffenhofen an der Ilm
Pfarrkirchen
Pfarrkirchen
Pforzheim
Pforzheim
Pfreimd
Pfullendorf
Pfullingen
Pfungstadt
Philippsburg
Pinneberg
Pinneberg
Pirmasens
Pirmasens
Pirna
Pirna
Plattling
Plau am See
Plaue
Plauen
Plauen
Plettenberg
Pleystein
Plochingen
Plön
Plön
Pockau-Lengefeld
Pocking
Pohlheim
Polch
Porta Westfalica
Potsdam
Potsdam
Pottenstein
Preetz
Premnitz
Prenzlau
Prenzlau
Pressath
Preußisch Oldendorf
Prichsenstadt
Pritzwalk
Prüm
Puchheim
Pulheim
Pulsnitz
Putbus
Putlitz
Pößneck
Püttlingen
Quakenbrück
Quedlinburg
Querfurt
Quickborn
Rabenau
Radeberg
Radebeul
Radeburg
Radevormwald
Radolfzell am Bodensee
Raguhn-Jeßnitz
Rahden
Rain
Ramstein-Miesenbach
Ranis
Ransbach-Baumbach
Rastatt
Rastatt
Rastenberg
Rathenow
Rathenow
Ratingen
Ratzeburg
Ratzeburg
Rauenberg
Raunheim
Rauschenberg
Ravensburg
Ravensburg
Ravenstein
Recklinghausen
Recklinghausen
Rees
Regen
Regen
Regensburg
Regensburg
Regis-Breitingen
Rehau
Rehburg-Loccum
Rehna
Reichelsheim
Reichenbach
Reichenbach
Reinbek
Reinfeld, Holstein
Reinheim
Remagen
Remscheid
Remscheid
Remseck am Neckar
Renchen
Rendsburg
Rendsburg
Rennerod
Renningen
Rerik
Rethem
Reutlingen
Reutlingen
Rheda-Wiedenbrück
Rhede
Rheinau
Rheinbach
Rheinberg
Rheinböllen
Rheine
Rheinfelden
Rheinsberg
Rheinstetten
Rhens
Rhinow
Ribnitz-Damgarten
Richtenberg
Riedenburg
Riedlingen
Riedstadt
Rieneck
Riesa
Rietberg
Rinteln
Rochlitz
Rockenhausen
Rodalben
Rodenberg
Rodewisch
Rodgau
Roding
Romrod
Ronneburg
Ronnenberg
Rosbach vor der Höhe
Rosenfeld
Rosenheim
Rosenheim
Rosenthal
Rostock
Rostock
Rotenburg
Rotenburg an der Fulda
Rotenburg an der Wümme
Roth
Rothenburg
Rothenburg ob der Tauber
Rothenfels
Rottenburg a.d.Laaber
Rottenburg am Neckar
Rottweil
Rottweil
Roßleben-Wiehe
Roßwein
Rudolstadt
Ruhla
Ruhland
Runkel
Rutesheim
Röbel/Müritz
Rödental
Rödermark
Römhild
Rösrath
Rötha
Röthenbach an der Pegnitz
Röttingen
Rötz
Rüdesheim
Rüsselsheim
Rüthen
Saalburg-Ebersdorf
Saalfeld
Saalfeld
Saarbrücken
Saarbrücken
Saarburg
Saarlouis
Saarlouis
Sachsenhagen
Sachsenheim
Salzgitter
Salzgitter
Salzkotten
Salzwedel
Salzwedel
Sandau
Sandersdorf-Brehna
Sangerhausen
Sangerhausen
Sankt Augustin
Sankt Goar
Sankt Goarshausen
Sankt Wendel
Sarstedt
Sassenberg
Sassnitz
Sayda
Schalkau
Schauenstein
Scheer
Scheibenberg
Scheinfeld
Schelklingen
Schenefeld
Scheßlitz
Schieder-Schwalenberg
Schifferstadt
Schillingsfürst
Schiltach
Schirgiswalde-Kirschau
Schkeuditz
Schkölen
Schleiden
Schleiz
Schleiz
Schleswig
Schleswig
Schlettau
Schleusingen
Schlieben
Schlitz
Schlotheim
Schloß Holte-Stukenbrock
Schlüchtern
Schlüsselfeld
Schmalkalden
Schmallenberg
Schmölln
Schnackenburg
Schnaittenbach
Schneeberg
Schneverdingen
Schongau
Schopfheim
Schorndorf
Schortens
Schotten
Schramberg
Schraplau
Schriesheim
Schrobenhausen
Schrozberg
Schwaan
Schwabach
Schwabach
Schwabmünchen
Schwaigern
Schwalbach am Taunus
Schwalmstadt
Schwandorf
Schwandorf
Schwanebeck
Schwarzatal
Schwarzenbach am Wald
Schwarzenbach an der Saale
Schwarzenbek
Schwarzenberg/Erzgeb.
Schwarzenborn
Schwarzheide
Schwedt
Schweich
Schweinfurt
Schwelm
Schwelm
Schwentinental
Schwerin
Schwerin
Schwerte
Schwetzingen
Schwäbisch Gmünd
Schwäbisch Hall
Schwäbisch Hall
Schömberg
Schönau
Schönau im Schwarzwald
Schönberg
Schönebeck
Schöneck/Vogtl.
Schönewalde
Schöningen
Schönsee
Schönwald
Schöppenstedt
Schüttorf
Sebnitz
Seehausen
Seeland
Seelow
Seelow
Seelze
Seesen
Sehnde
Seifhennersdorf
Selb
Selbitz
Seligenstadt
Selm
Selters
Senden
Sendenhorst
Senftenberg
Senftenberg
Seßlach
Siegburg
Siegburg
Siegen
Siegen
Sigmaringen
Sigmaringen
Simbach am Inn
Simmern
Simmern
Sindelfingen
Singen
Sinsheim
Sinzig
Soest
Soest
Solingen
Solingen
Solms
Soltau
Sondershausen
Sondershausen
Sonneberg
Sonneberg
Sonnewalde
Sonthofen
Sonthofen
Sontra
Spaichingen
Spalt
Spangenberg
Speicher
Spenge
Speyer
Speyer
Spremberg
Springe
Sprockhövel
St. Blasien
St. Georgen im Schwarzwald
St. Ingbert
St. Wendel
Stade
Stade
Stadt Wehlen
Stadtallendorf
Stadtbergen
Stadthagen
Stadthagen
Stadtilm
Stadtlohn
Stadtoldendorf
Stadtprozelten
Stadtroda
Stadtsteinach
Starnberg
Starnberg
Staufen im Breisgau
Staufenberg
Stavenhagen, Reuterstadt
Staßfurt
Stein
Steinach
Steinau an der Straße
Steinbach
Steinbach-Hallenberg
Steinfurt
Steinfurt
Steinheim
Steinheim an der Murr
Stendal
Stendal
Sternberg
Stockach
Stolberg
Stollberg
Stolpen
Storkow
Straelen
Stralsund
Stralsund
Strasburg
Straubing
Straubing
Strausberg
Strehla
Stromberg
Stutensee
Stuttgart
Stuttgart
Stößen
Stühlingen
Suhl
Suhl
Sulingen
Sulz am Neckar
Sulzbach-Rosenberg
Sulzbach/ Saar
Sulzburg
Sundern
Syke
Sömmerda
Sömmerda
Südliches Anhalt
Süßen
Tambach-Dietharz
Tangerhütte
Tangermünde
Tann
Tanna
Tauberbischofsheim
Tauberbischofsheim
Taucha
Taunusstein
Tecklenburg
Tegernsee
Telgte
Teltow
Templin
Tengen
Tessin
Teterow
Tettnang
Teublitz
Teuchern
Teupitz
Teuschnitz
Thale
Thalheim/Erzgeb.
Thannhausen
Tharandt
Themar
Thum
Tirschenreuth
Tirschenreuth
Titisee-Neustadt
Tittmoning
Todtnau
Torgau
Torgau
Torgelow
Tornesch
Traben-Trarbach
Traunreut
Traunstein
Traunstein
Trebbin
Trebsen/Mulde
Treffurt
Trendelburg
Treuchtlingen
Treuen
Treuenbrietzen
Triberg im Schwarzwald
Tribsees
Trier
Trier
Triptis
Trochtelfingen
Troisdorf
Trossingen
Trostberg
Tuttlingen
Tuttlingen
Twistringen
Töging am Inn
Tönisvorst
Tönning
Tübingen
Tübingen
Uebigau-Wahrenbrück
Ueckermünde
Uelzen
Uelzen
Uetersen
Uffenheim
Uhingen
Ulm
Ulm
Ulmen
Ulrichstein
Ummerstadt
Unkel
Unna
Unna
Unterschleißheim
Usedom
Usingen
Uslar
Vacha
Vaihingen an der Enz
Vallendar
Varel
Vechta
Vechta
Velbert
Velburg
Velden
Velen
Vellberg
Vellmar
Velten
Verden
Verden
Veringenstadt
Verl
Versmold
Vetschau/Spreewald
Viechtach
Viernheim
Viersen
Viersen
Villingen-Schwenningen
Villingen-Schwenningen
Vilsbiburg
Vilseck
Vilshofen
Visselhövede
Vlotho
Voerde
Vogtsburg im Kaiserstuhl
Vohburg an der Donau
Vohenstrauß
Volkach
Volkmarsen
Vreden
Vöhrenbach
Vöhringen
Völklingen
Wachenheim an der Weinstraße
Wadern
Waghäusel
Wahlstedt
Waiblingen
Waiblingen
Waibstadt
Waischenfeld
Waldbröl
Waldeck
Waldenbuch
Waldenburg
Waldenburg
Waldershof
Waldheim
Waldkappel
Waldkirch
Waldkirchen
Waldkraiburg
Waldmünchen
Waldsassen
Waldshut-Tiengen
Waldshut-Tiengen
Walldorf
Walldürn
Wallenfels
Walsrode
Waltershausen
Waltrop
Wanfried
Wangen im Allgäu
Wanzleben-Börde
Warburg
Waren
Warendorf
Warendorf
Warin
Warstein
Wassenberg
Wasserburg am Inn
Wassertrüdingen
Wasungen
Wedel
Weener
Wegberg
Wegeleben
Wehr
Weida
Weiden
Weiden in der Oberpfalz
Weikersheim
Weil am Rhein
Weil der Stadt
Weilburg
Weilheim
Weilheim an der Teck
Weilheim in Oberbayern
Weimar
Weimar
Weingarten
Weinheim
Weinsberg
Weinstadt
Weismain
Weiterstadt
Weißenberg
Weißenburg
Weißenburg in Bayern
Weißenfels
Weißenhorn
Weißensee
Weißenstadt
Weißenthurm
Weißwasser
Welzheim
Welzow
Wemding
Wendlingen am Neckar
Werben
Werdau
Werder
Werdohl
Werl
Werlte
Wermelskirchen
Wernau
Werne
Werneuchen
Wernigerode
Werra-Suhl-Tal
Wertheim
Werther
Wertingen
Wesel
Wesel
Wesenberg
Wesselburen
Wesseling
Westerburg
Westerstede
Westerstede
Wetter
Wetter
Wettin-Löbejün
Wetzlar
Wetzlar
Widdern
Wiehl
Wiesbaden
Wiesbaden
Wiesensteig
Wiesloch
Wiesmoor
Wildau
Wildberg
Wildenfels
Wildeshausen
Wilhelmshaven
Wilhelmshaven
Wilkau-Haßlau
Willebadessen
Willich
Wilsdruff
Wilster
Wilthen
Windischeschenbach
Windsbach
Winnenden
Winsen
Winsen
Winterberg
Wipperfürth
Wirges
Wismar
Wismar
Wissen
Witten
Wittenberg
Wittenberg
Wittenberge
Wittenburg
Wittichenau
Wittingen
Wittlich
Wittlich
Wittmund
Wittmund
Wittstock/Dosse
Witzenhausen
Woldegk
Wolfach
Wolfenbüttel
Wolfenbüttel
Wolfhagen
Wolframs-Eschenbach
Wolfratshausen
Wolfsburg
Wolfsburg
Wolfstein
Wolgast
Wolkenstein
Wolmirstedt
Worms
Worms
Wriezen
Wunsiedel
Wunsiedel
Wunstorf
Wuppertal
Wuppertal
Wurzbach
Wurzen
Wustrow
Wyk auf Föhr
Wächtersbach
Wörrstadt
Wörth am Main
Wörth am Rhein
Wörth an der Donau
Wülfrath
Würselen
Würzburg
Würzburg
Xanten
Zahna-Elster
Zarrentin am Schaalsee
Zehdenick
Zeil am Main
Zeitz
Zell
Zell am Harmersbach
Zell im Wiesental
Zella-Mehlis
Zerbst
Zeulenroda-Triebes
Zeven
Ziegenrück
Zierenberg
Ziesar
Zirndorf
Zittau
Zossen
Zschopau
Zweibrücken
Zweibrücken
Zwenkau
Zwickau
Zwickau
Zwiesel
Zwingenberg
Zwönitz
Zörbig
Zülpich
Öhringen
Östringen
Übach-Palenberg
Überlingen