Abbeville
Agen
Aigues-Mortes
Aix-en-Provence
Aix-les-Bains
Ajaccio
Albi
Alençon
Alès
Amboise
Amiens
Angers
Angoulême
Annecy
Antibes
Argenteuil
Arles
Armentières
Arras
Arromanches
Athis-Mons
Aubagne
Aubusson
Auch
Auray
Aurillac
Autun
Auxerre
Avignon
Avranches
Azay-le-Rideau
Bar-le-Duc
Basse-Terre
Bastia
Bayeux
Bayonne
Beaucaire
Beaugency
Beaune
Beauvais
Belfort
Bergerac
Besançon
Biarritz
Blois
Bonifacio
Bordeaux
Boulogne
Bourg-en-Bresse
Bourges
Brest
Briançon
Brive-la-Gaillarde
Bénouville
Béthune
Béziers
Caen
Cahors
Calais
Cambrai
Cannes
Carcassonne
Carnac
Castres
Cayenne
Chalon-sur-Saône
Chambord
Chambéry
Chamonix-Mont-Blanc
Champigny-sur-Marne
Chantilly
Charenton-le-Pont
Charleville-Mézières
Chartres
Chatou
Chaumont
Chelles
Chenonceaux
Cherbourg
Chinon
Cholet
Châlons-en-Champagne
Château-Thierry
Châteauroux
Châtellerault
Châtillon
Clairvaux
Clermont-Ferrand
Clichy
Cluny
Cognac
Colmar
Colombes
Compiègne
Corbeil-Essonnes
Corte
Coucy
Courbevoie
Courchevel
Courseulles
Coutances
Creil
Croix
Créteil
Cîteaux
Dax
Deauville
Dieppe
Digne-les-Bains
Dijon
Dinan
Dinard
Dole
Domrémy-la-Pucelle
Douai
Douarnenez
Drancy
Dreux
Dunkirk
Elbeuf
Falaise
Firminy
Foix
Fontainebleau
Fontevrault-l’Abbaye
Forbach
Fort-de-France
Fos
Fougères
Fresnes
Fréjus
Fécamp
Gagny
Gap
Gavarnie
Gennevilliers
Gisors
Grandcamp-Maisy
Granville
Grasse
Gravelines
Grenoble
Guingamp
Guéret
Haguenau
Ham
Henin-Beaumont
Hesdin
Honfleur
Hyères
Issy-les-Moulineaux
Ivry-sur-Seine
Jumièges
Kourou
La Baule-Escoublac
La Roche-sur-Yon
La Rochelle
La Seyne-sur-Mer
La Trinité
Lacq
Langeais
Langres
Laon
Laval
Le Chambon-Feugerolles
Le Creusot
Le Havre
Le Mans
Le Petit-Quevilly
Le Puy-en-Velay
Le Touquet-Paris-Plage
Lens
Les Baux-en-Provence
Levallois-Perret
Libourne
Lille
Lillebonne
Limoges
Lisieux
Liévin
Loches
Locmariaquer
Longwy
Lons-le-Saunier
Lorient
Lourdes
Lunéville
Lyon
Malakoff
Mana
Marcq-en-Baroeul
Marseille
Martigues
Maubeuge
Meaux
Melun
Mende
Menton
Metz
Meudon
Millau
Mont-de-Marsan
Montauban
Montbéliard
Montluçon
Montpellier
Montreuil
Montrouge
Montélimar
Morlaix
Moulins
Mulhouse
Mâcon
Nancy
Nanterre
Nantes
Narbonne
Nemours
Neuilly-sur-Seine
Nevers
Nice
Niort
Noyon
Nîmes
Oradour-sur-Glane
Orange
Orléans
Ouistreham
Oullins
Paris
Pau
Perpignan
Pessac
Pointe-à-Pitre
Poissy
Poitiers
Pontoise
Provins
Puteaux
Périgueux
Quimper
Rambouillet
Reims
Remiremont
Rennes
Rezé
Ribeauvillé
Riom
Roanne
Rocamadour
Rochefort
Rocroi
Rodez
Romans-sur-Isère
Roubaix
Rouen
Rueil-Malmaison
Saint-Affrique
Saint-Amand-Montrond
Saint-Amand-les-Eaux
Saint-Benoît-sur-Loire
Saint-Brieuc
Saint-Cloud
Saint-Denis
Saint-Denis
Saint-Dizier
Saint-Dié
Saint-Germain-en-Laye
Saint-Jean-de-Luz
Saint-Laurent du Maroni
Saint-Lô
Saint-Malo
Saint-Maur-des-Fossés
Saint-Mihiel
Saint-Nazaire
Saint-Omer
Saint-Ouen
Saint-Pierre
Saint-Quentin
Saint-Yrieix-la-Perche
Saint-Étienne
Sainte-Marie-du-Mont
Sainte-Mère-Église
Saintes-Maries-de-la-Mer
Salon-de-Provence
Sancerre
Saumur
Sedan
Senlis
Sens
Soissons
Solesmes
Strasbourg
Suresnes
Sète
Sèvres
Sénart
Talence
Tarascon
Tarbes
Thionville
Thonon-les-Bains
Toul
Toulouse
Tourcoing
Tours
Trouville
Troyes
Tulle
Valence
Valenciennes
Vannes
Vendôme
Verdun
Versailles
Vesoul
Vichy
Vierzon
Villandry
Villefranche-sur-Mer
Villefranche-sur-Saône
Villejuif
Villeneuve-Saint-Georges
Villeurbanne
Vincennes
Viry-Châtillon
Vitry-sur-Seine
Vézelay
Wattrelos
Épernay
Épinal
Épinay-sur-Seine
Étampes
Évian-les-Bains
Évreux
Évry